{
    "@context": {
        "c": "http://www.w3.org/2002/12/cal#",
        "dcterms": "http://purl.org/dc/terms/",
        "geo": "http://www.w3.org/2003/01/geo/wgs84_pos#",
        "loc": "http://purl.org/ctic/infraestructuras/localizacion#",
        "org": "http://purl.org/ctic/infraestructuras/organizacion#",
        "vcard": "http://www.w3.org/2006/vcard/ns#",
        "schema": "https://schema.org/",
        "title": "vcard:fn",
        "id": "dcterms:identifier",
        "relation": "dcterms:relation",
        "references": "dcterms:references",
        "address": "vcard:adr",
        "area": "loc:barrio",
        "district": "loc:distrito",
        "locality": "vcard:locality",
        "postal-code": "vcard:postal-code",
        "street-address": "vcard:street-address",
        "location": "vcard:geo",
        "latitude": "geo:lat",
        "longitude": "geo:long",
        "organization": "vcard:org",
        "organization-desc": "dcterms:description",
        "accesibility": "org:accesibilidad",
        "services": "org:servicios",
        "schedule": "org:horario",
        "organization-name": "vcard:organization-name",
        "description": "c:summary",
        "link": "c:url",
        "uid": "c:uid",
        "dtstart": "c:dtstart",
        "dtend": "c:dtend",
        "time": "c:time",
        "excluded-days": "c:exdate",
        "event-location": "c:location",
        "free": "schema:free",
        "price": "c:resource",
        "recurrence": "c:rrule",
        "days": "c:byday",
        "frequency": "c:freq",
        "interval": "c:interval",
        "audience": "dc:audience"
    },
    "@graph": [
        {
            "@id": "https://datos.madrid.es/egob/catalogo/tipo/entidadesyorganismos/25526-biblioteca-publica-antonio-mingote-latina-.json",
            "@type": "https://datos.madrid.es/egob/kos/entidadesYorganismos/BibliotecasPublicas",
            "id": "25526",
            "title": "Biblioteca Pública Antonio Mingote (Latina)",
            "relation": "http://www.madrid.es/sites/v/index.jsp?vgnextchannel=bfa48ab43d6bb410VgnVCM100000171f5a0aRCRD&vgnextoid=c73e995a8bf5d010VgnVCM2000000c205a0aRCRD",
            "address": {
                "district": {
                    "@id": "https://datos.madrid.es/egob/kos/Provincia/Madrid/Municipio/Madrid/Distrito/Latina"
                },
                "area": {
                    "@id": "https://datos.madrid.es/egob/kos/Provincia/Madrid/Municipio/Madrid/Distrito/Latina/Barrio/LasAguilas"
                },
                "locality": "MADRID",
                "postal-code": "28044",
                "street-address": "CALLE RAFAEL FINAT 51"
            },
            "location": {
                "latitude": 40.37944179159947,
                "longitude": -3.7694389972002424
            },
            "organization": {
                "organization-desc": " Lectura fácil, letra grande, audiodescripción. Centros de Interés: Rumano y Árabe. Cercanías Renfe: Maestra Justa Freire - Polideportivo Aluche (antigua estación de Fanjul) (línea C5)",
                "accesibility": "1",
                "schedule": "Apertura de lunes a sábado.  De lunes a viernes de 9 a 21 horas. Sábados de 9 a 14 horas. Todos los días los servicios de lectura en sala y acceso a internet finalizarán 15 minutos antes del cierre.  Días de cierre: sábados: 19 de abril, 3 de mayo y todos los sábados de julio, agosto y septiembre; 2 de noviembre; 7 de diciembre. Domingos: todos; Festivos: 1 de enero; 6 de enero:17 y 18 de abril; 1, 2 y 15 mayo; 25 de julio;15 agosto; 1 y 10 de noviembre; 6 y 8 de diciembre; 24, 25 y 31 de diciembre.",
                "services": "Wifi gratuito.",
                "organization-name": "Biblioteca Pública Antonio Mingote (Latina)"
            }
        },
        {
            "@id": "https://datos.madrid.es/egob/catalogo/tipo/entidadesyorganismos/1774-biblioteca-publica-elena-fortun-retiro-.json",
            "@type": "https://datos.madrid.es/egob/kos/entidadesYorganismos/BibliotecasPublicas",
            "id": "1774",
            "title": "Biblioteca Pública Elena Fortún (Retiro)",
            "relation": "http://www.madrid.es/sites/v/index.jsp?vgnextchannel=bfa48ab43d6bb410VgnVCM100000171f5a0aRCRD&vgnextoid=44213d0b5e71c010VgnVCM1000000b205a0aRCRD",
            "address": {
                "district": {
                    "@id": "https://datos.madrid.es/egob/kos/Provincia/Madrid/Municipio/Madrid/Distrito/Retiro"
                },
                "area": {
                    "@id": "https://datos.madrid.es/egob/kos/Provincia/Madrid/Municipio/Madrid/Distrito/Retiro/Barrio/Adelfas"
                },
                "locality": "MADRID",
                "postal-code": "28007",
                "street-address": "CALLE DOCTOR ESQUERDO 189"
            },
            "location": {
                "latitude": 40.403577814444176,
                "longitude": -3.6724086076957154
            },
            "organization": {
                "organization-desc": " Lectura fácil, letra grande, audiodescripción. Metro: Pacífico (líneas 1 y 6), Conde de Casal (línea 6)  Bus: 10, 14, 32, 56, 63, 143, 145, E.",
                "accesibility": "1",
                "schedule": "Apertura de lunes a sábado.  De lunes a viernes de 9 a 21 horas. Sábados de 9 a 14 horas. Todos los días los servicios de lectura en sala y acceso a internet finalizarán 15 minutos antes del cierre.   Días de cierre: sabados: 19 de abril, 3 de mayo y todos los sábados de julio, agosto y septiembre. Domingos: todos. Festivos: 1 de enero; 6 de enero:17 y 18 de abril; 1, 2 y 15 mayo; 25 de julio;15 agosto; 1 y 10 de noviembre; 6 y 8 de diciembre; 24, 25 y 31 de diciembre.",
                "services": "Wifi gratuito.",
                "organization-name": "Biblioteca Pública Elena Fortún (Retiro)"
            }
        },
        {
            "@id": "https://datos.madrid.es/egob/catalogo/tipo/entidadesyorganismos/1770-biblioteca-publica-hortaleza.json",
            "@type": "https://datos.madrid.es/egob/kos/entidadesYorganismos/BibliotecasPublicas",
            "id": "1770",
            "title": "Biblioteca Pública Hortaleza",
            "relation": "http://www.madrid.es/sites/v/index.jsp?vgnextchannel=bfa48ab43d6bb410VgnVCM100000171f5a0aRCRD&vgnextoid=e42e995a8bf5d010VgnVCM2000000c205a0aRCRD",
            "address": {
                "district": {
                    "@id": "https://datos.madrid.es/egob/kos/Provincia/Madrid/Municipio/Madrid/Distrito/Hortaleza"
                },
                "area": {
                    "@id": "https://datos.madrid.es/egob/kos/Provincia/Madrid/Municipio/Madrid/Distrito/Hortaleza/Barrio/PinarRey"
                },
                "locality": "MADRID",
                "postal-code": "28033",
                "street-address": "CALLE ABERTURA 2"
            },
            "location": {
                "latitude": 40.47719279779815,
                "longitude": -3.6496196128895835
            },
            "organization": {
                "organization-desc": "  Metro: Parque de Santa María (línea 4)",
                "accesibility": "1",
                "schedule": "Apertura de lunes a viernes.  De lunes a jueves de 9 a 20:30 horas. Viernes de 9 a 14:30 horas. Todos los días los servicios de lectura en sala y acceso a internet finalizarán 15 minutos antes del cierre.  Días de cierre: Fines de semana y festivos; del 2 al 7 de enero;  28 de febrero; 3 de marzo; del 11 al 21 de abril ; 15 de mayo; 10 de noviembre; los meses de julio y agosto; del 22 al 31 de diciembre.",
                "services": "",
                "organization-name": "Biblioteca Pública Hortaleza"
            }
        },
        {
            "@id": "https://datos.madrid.es/egob/catalogo/tipo/entidadesyorganismos/1773-biblioteca-publica-javier-marias-moratalaz-.json",
            "@type": "https://datos.madrid.es/egob/kos/entidadesYorganismos/BibliotecasPublicas",
            "id": "1773",
            "title": "Biblioteca Pública Javier Marías (Moratalaz)",
            "relation": "http://www.madrid.es/sites/v/index.jsp?vgnextchannel=bfa48ab43d6bb410VgnVCM100000171f5a0aRCRD&vgnextoid=457e995a8bf5d010VgnVCM2000000c205a0aRCRD",
            "address": {
                "district": {
                    "@id": "https://datos.madrid.es/egob/kos/Provincia/Madrid/Municipio/Madrid/Distrito/Moratalaz"
                },
                "area": {
                    "@id": "https://datos.madrid.es/egob/kos/Provincia/Madrid/Municipio/Madrid/Distrito/Moratalaz/Barrio/Fontarron"
                },
                "locality": "MADRID",
                "postal-code": "28030",
                "street-address": "CALLE CORREGIDOR ALONSO DE TOBAR 5"
            },
            "location": {
                "latitude": 40.403992358842835,
                "longitude": -3.6494384856607582
            },
            "organization": {
                "organization-desc": " Lectura fácil, letra grande, audiodescripción. Metro: Artilleros (línea 9)",
                "accesibility": "1",
                "schedule": "Apertura de lunes a viernes.  De lunes a viernes de 9 a 21 horas. Todos los días los servicios de lectura en sala y acceso a internet finalizarán 15 minutos antes del cierre.  Días de cierre: sábados: todos Domingos: todos. Festivos: 1 de enero; 6 de enero:17 y 18 de abril; 1, 2 y 15 mayo; 25 de julio;15 agosto;10 de noviembre; 8 de diciembre; 24, 25 y 31 de diciembre.",
                "services": "Wifi gratuito.",
                "organization-name": "Biblioteca Pública Javier Marías (Moratalaz)"
            }
        },
        {
            "@id": "https://datos.madrid.es/egob/catalogo/tipo/entidadesyorganismos/1771-biblioteca-publica-jose-acuna-moncloa-aravaca-.json",
            "@type": "https://datos.madrid.es/egob/kos/entidadesYorganismos/BibliotecasPublicas",
            "id": "1771",
            "title": "Biblioteca Pública José Acuña (Moncloa - Aravaca)",
            "relation": "http://www.madrid.es/sites/v/index.jsp?vgnextchannel=bfa48ab43d6bb410VgnVCM100000171f5a0aRCRD&vgnextoid=e9ad995a8bf5d010VgnVCM2000000c205a0aRCRD",
            "address": {
                "district": {
                    "@id": "https://datos.madrid.es/egob/kos/Provincia/Madrid/Municipio/Madrid/Distrito/Moncloa-Aravaca"
                },
                "area": {
                    "@id": "https://datos.madrid.es/egob/kos/Provincia/Madrid/Municipio/Madrid/Distrito/Moncloa-Aravaca/Barrio/Arguelles"
                },
                "locality": "MADRID",
                "postal-code": "28008",
                "street-address": "CALLE QUINTANA 9"
            },
            "location": {
                "latitude": 40.427947044751,
                "longitude": -3.716950806640097
            },
            "organization": {
                "organization-desc": "  Metro: Arg&amp;uuml;elles (líneas 3, 4 y 6), Ventura Rodriguez (línea 3).",
                "accesibility": "3",
                "schedule": "Apertura de lunes a sábado.  De lunes a viernes de 9 a 21 horas. Infantil-juvenil de 15 a 21 horas. Sábados de 9 a 14 horas. Todos los días los servicios de lectura en sala y acceso a internet finalizarán 15 minutos antes del cierre.:  Días de cierre: sábados 19 de abril; 3 de mayo y todos los sábados de julio, agosto y septiembre.. Domingos: todos; Festivos: 1 de enero; 6 de enero:17 y 18 de abril; 1, 2 y 15 mayo; 25 de julio;15 agosto; 1 y 10 de noviembre; 6 y 8 de diciembre; 24, 25 y 31 de diciembre.",
                "services": "Wifi gratuito.",
                "organization-name": "Biblioteca Pública José Acuña (Moncloa - Aravaca)"
            }
        }
    ]
}