{
    "@context": {
        "c": "http://www.w3.org/2002/12/cal#",
        "dcterms": "http://purl.org/dc/terms/",
        "geo": "http://www.w3.org/2003/01/geo/wgs84_pos#",
        "loc": "http://purl.org/ctic/infraestructuras/localizacion#",
        "org": "http://purl.org/ctic/infraestructuras/organizacion#",
        "vcard": "http://www.w3.org/2006/vcard/ns#",
        "schema": "https://schema.org/",
        "title": "vcard:fn",
        "id": "dcterms:identifier",
        "relation": "dcterms:relation",
        "references": "dcterms:references",
        "address": "vcard:adr",
        "area": "loc:barrio",
        "district": "loc:distrito",
        "locality": "vcard:locality",
        "postal-code": "vcard:postal-code",
        "street-address": "vcard:street-address",
        "location": "vcard:geo",
        "latitude": "geo:lat",
        "longitude": "geo:long",
        "organization": "vcard:org",
        "organization-desc": "dcterms:description",
        "accesibility": "org:accesibilidad",
        "services": "org:servicios",
        "schedule": "org:horario",
        "organization-name": "vcard:organization-name",
        "description": "c:summary",
        "link": "c:url",
        "uid": "c:uid",
        "dtstart": "c:dtstart",
        "dtend": "c:dtend",
        "time": "c:time",
        "excluded-days": "c:exdate",
        "event-location": "c:location",
        "free": "schema:free",
        "price": "c:resource",
        "recurrence": "c:rrule",
        "days": "c:byday",
        "frequency": "c:freq",
        "interval": "c:interval",
        "audience": "dc:audience"
    },
    "@graph": [
        {
            "@id": "https://datos.madrid.es/egob/catalogo/tipo/entidadesyorganismos/6017808-casa-museo-fuente-rey.json",
            "@type": "https://datos.madrid.es/egob/kos/entidadesYorganismos/FundacionesCulturales",
            "id": "6017808",
            "title": "Casa Museo Fuente del Rey",
            "relation": "http://www.madrid.es/sites/v/index.jsp?vgnextchannel=bfa48ab43d6bb410VgnVCM100000171f5a0aRCRD&vgnextoid=5c1260101310f210VgnVCM1000000b205a0aRCRD",
            "address": {
                "district": {
                    "@id": "https://datos.madrid.es/egob/kos/Provincia/Madrid/Municipio/Madrid/Distrito/Moncloa-Aravaca"
                },
                "area": {
                    "@id": "https://datos.madrid.es/egob/kos/Provincia/Madrid/Municipio/Madrid/Distrito/Moncloa-Aravaca/Barrio/Aravaca"
                },
                "locality": "MADRID",
                "postal-code": "28023",
                "street-address": "CALLE FUENTE DEL REY 11"
            },
            "location": {
                "latitude": 40.45546866305681,
                "longitude": -3.7705716814130965
            },
            "organization": {
                "organization-desc": "Fundación AMYC - Fran Daurel  Este museo,  situado en Aravaca y conocido también como Casa - Museo Fuente del Rey. Fundación AMYC, ofrece al visitante una colección de más de 250 obras entre pinturas, dibujos y esculturas (198 pinturas, 37 esculturas y 27 dibujos) realizadas desde mediados del siglo XIX hasta principios del XXI. Se exponen piezas de grandes artistas modernistas e impresionistas como Sorolla, Mariano Fortuny, Nonell, Rusiñol, Ramón Casas, Mir, Rendir, Gargallo, Joseph Llimona, Joan Miró, Salvador Dalí, Tapies, Anglada Camarasa o Torres García, entre otros. La colección está formada por los fondos privados del coleccionista y mecenas Francisco Daurella y se muestra en lo que fue su casa. Los más de 3000 metros cuadrados del edificio así como su jardín, han sido rehabilitados para poder acoger las obras en el que es el primer museo de la capital dedicado en exclusiva al arte catalán.  Consulta los siguientes enlaces:",
                "accesibility": "3",
                "schedule": "De lunes a viernes de 10:00 a 19:00 horas. Visitas guiadas concertadas Agosto cerrado",
                "services": "",
                "organization-name": "Casa Museo Fuente del Rey"
            }
        },
        {
            "@id": "https://datos.madrid.es/egob/catalogo/tipo/entidadesyorganismos/4847190-casa-museo-lope-vega.json",
            "@type": "https://datos.madrid.es/egob/kos/entidadesYorganismos/Museos",
            "id": "4847190",
            "title": "Casa Museo Lope de Vega",
            "relation": "http://www.madrid.es/sites/v/index.jsp?vgnextchannel=bfa48ab43d6bb410VgnVCM100000171f5a0aRCRD&vgnextoid=4eff8c46145e8110VgnVCM2000000c205a0aRCRD",
            "address": {
                "district": {
                    "@id": "https://datos.madrid.es/egob/kos/Provincia/Madrid/Municipio/Madrid/Distrito/Centro"
                },
                "area": {
                    "@id": "https://datos.madrid.es/egob/kos/Provincia/Madrid/Municipio/Madrid/Distrito/Centro/Barrio/Cortes"
                },
                "locality": "MADRID",
                "postal-code": "28014",
                "street-address": "CALLE CERVANTES 11"
            },
            "location": {
                "latitude": 40.41436862259971,
                "longitude": -3.6974667215860615
            },
            "organization": {
                "organization-desc": "'Mi casilla, mi quietud, mi g&amp;uuml;ertecillo y estudio'. Así define su casa Félix Lope de Vega (1562-1635) en una carta dirigida a un amigo. Situada en pleno centro histórico, en el Barrio de las Letras, la Casa Museo Lope de Vega se ubica en el edificio donde el escritor vivió sus últimos 25 años. La recreación de ambientes, cuyo objetivo es que se respire la presencia de Lope, evoca la vida cotidiana del Siglo de Oro y nos acerca a su intimidad. El equipamiento de la casa incorpora obras de arte, mobiliario, enseres y ediciones bibliográficas vinculadas al literato y su tiempo.  Metro: Antón Martín (línea 1), Sevilla (línea 2), Sol (líneas 1, 2 y 3).",
                "accesibility": "0,4",
                "schedule": "De martes a domingo, de 10 a 18 horas.  Cerrado los lunes, días 1 y 6 de enero, 1 de mayo, 9 de noviembre y 24, 25 y 31 de diciembre.",
                "services": "",
                "organization-name": "Casa Museo Lope de Vega"
            }
        },
        {
            "@id": "https://datos.madrid.es/egob/catalogo/tipo/entidadesyorganismos/4949641-casita-museo-raton-perez.json",
            "@type": "https://datos.madrid.es/egob/kos/entidadesYorganismos/Museos",
            "id": "4949641",
            "title": "Casita Museo de Ratón Pérez",
            "relation": "http://www.madrid.es/sites/v/index.jsp?vgnextchannel=bfa48ab43d6bb410VgnVCM100000171f5a0aRCRD&vgnextoid=990950e86d4ca110VgnVCM2000000c205a0aRCRD",
            "address": {
                "district": {
                    "@id": "https://datos.madrid.es/egob/kos/Provincia/Madrid/Municipio/Madrid/Distrito/Centro"
                },
                "area": {
                    "@id": "https://datos.madrid.es/egob/kos/Provincia/Madrid/Municipio/Madrid/Distrito/Centro/Barrio/Sol"
                },
                "locality": "MADRID",
                "postal-code": "28013",
                "street-address": "CALLE ARENAL 8 PLANTA 1.ª La Casita- Museo se encuentra en el interior de una galería comercial. Se accede por escaleras a la primera planta y por el momento no existe ascensor."
            },
            "location": {
                "latitude": 40.4170597715272,
                "longitude": -3.7055199334442492
            },
            "organization": {
                "organization-desc": "La Casita-Museo constituye un espacio singular y diferente en el que conviven magia y cultura. Nos habla de un inmenso valor: la fraternidad humana, y posibilita que niños y mayores puedan conocer y acercarse a este madrileño querido por todos, generando la ilusión de cuantos la visitan.   La CMRP da la bienvenida a cuantos visitantes de múltiples procedencias, nacional e internacional, familias y grupos escolares acuden para conocer y encontrarse con este personaje único, madrileño y universal.   El Museo: &amp;ldquo;Pequeño por fuera, grande por dentro, como su dueño&amp;rdquo;.    Duración de la visita: 40 minutos. Se aconseja acudan con la entrada adquirida anticipadamente.   En taquilla.  Whatsapp (634 74 27 68)  No se reservan entradas por correo electrónico, toda información que necesite sobre entradas podrá hacerlo vía whatsapp. Se aconseja reservar con antelación, ESPECIALMENTE los FINES DE SEMANA. Metro: Sol (líneas: 1, 2 y 3), Ópera (líneas 2, 5 y Ramal Ópera Príncipe Pío), Callao (líneas 3, 5).  Cercanías Renfe: Sol (líneas C3, C4, C4a, C4b y Regional).",
                "accesibility": "0",
                "schedule": "Visitas: horarios y reservas.",
                "services": "",
                "organization-name": "Casita Museo de Ratón Pérez"
            }
        },
        {
            "@id": "https://datos.madrid.es/egob/catalogo/tipo/entidadesyorganismos/5682031-castillo-alameda.json",
            "@type": "https://datos.madrid.es/egob/kos/entidadesYorganismos/MonumentosEdificiosArtisticos",
            "id": "5682031",
            "title": "Castillo de la Alameda",
            "relation": "http://www.madrid.es/sites/v/index.jsp?vgnextchannel=bfa48ab43d6bb410VgnVCM100000171f5a0aRCRD&vgnextoid=fe43c4be8e688210VgnVCM1000000b205a0aRCRD",
            "address": {
                "district": {
                    "@id": "https://datos.madrid.es/egob/kos/Provincia/Madrid/Municipio/Madrid/Distrito/Barajas"
                },
                "area": {
                    "@id": "https://datos.madrid.es/egob/kos/Provincia/Madrid/Municipio/Madrid/Distrito/Barajas/Barrio/AlamedaOsuna"
                },
                "locality": "MADRID",
                "postal-code": "28042",
                "street-address": "CALLE ANTONIO SANCHA 1"
            },
            "location": {
                "latitude": 40.45836469361315,
                "longitude": -3.5932763223327178
            },
            "organization": {
                "organization-desc": "El Castillo de la Alameda o de Barajas es uno de los escasos vestigios de la arquitectura militar del pasado siglo XV y uno de los pocos castillos que ha sobrevivido al paso del tiempo. Bajo él y su entorno, existen restos de asentamientos antiguos desde la Edad del Bronce hasta la Época Romana. Accesibilidad   Rampas de acceso (las rampas de acceso en estos momentos están inhabilitadas) Aseos adaptados para personas con movilidad reducida. Información en Braille para personas con discapacidad visual. Metro: Alameda de Osuna y El Capricho (línea 5).",
                "accesibility": "1,6",
                "schedule": "Abierto solo en fin de semana (sábado y domingo) y festivos (lunes festivos incluidos)  Del 1 de abril al 14 de junio de 10 a 21 horas. Del 15 de junio al 15 de septiembre de 10 a 20 horas. Del 16 al 30 de septiembre de 10 a 21 horas. De octubre a marzo de 10 a 18 horas.  Cerrado: 1 y 6 de enero, 1 de mayo, 24, 25 y 31 de diciembre.",
                "services": "Zona wifi.",
                "organization-name": "Castillo de la Alameda"
            }
        },
        {
            "@id": "https://datos.madrid.es/egob/catalogo/tipo/entidadesyorganismos/2064-cason-buen-retiro.json",
            "@type": "https://datos.madrid.es/egob/kos/entidadesYorganismos/MonumentosEdificiosArtisticos",
            "id": "2064",
            "title": "Casón del Buen Retiro",
            "relation": "http://www.madrid.es/sites/v/index.jsp?vgnextchannel=bfa48ab43d6bb410VgnVCM100000171f5a0aRCRD&vgnextoid=f0443d0b5e71c010VgnVCM1000000b205a0aRCRD",
            "address": {
                "district": {
                    "@id": "https://datos.madrid.es/egob/kos/Provincia/Madrid/Municipio/Madrid/Distrito/Retiro"
                },
                "area": {
                    "@id": "https://datos.madrid.es/egob/kos/Provincia/Madrid/Municipio/Madrid/Distrito/Retiro/Barrio/LosJeronimos"
                },
                "locality": "MADRID",
                "postal-code": "28014",
                "street-address": "CALLE ALFONSO XII 28"
            },
            "location": {
                "latitude": 40.41527545361461,
                "longitude": -3.689222446432277
            },
            "organization": {
                "organization-desc": "El Centro de Estudios del Prado está ubicado en el Casón del Buen Retiro, que aloja además la Biblioteca, el Archivo, el Centro de Documentación y los Departamentos de Conservación del Museo Nacional del Prado. Descripción monumental  El Casón o Salón de Baile es el único volumen que permanece del antiguo Palacio del buen Retiro, ejecutado en 1637 con un proyecto de Alonso Carbonel. Aún se conserva la bóveda de cañon con lunetas, pintada al fresco por Lucas Jordán en 1692 con la Alegoría del Toisón de Oro. Su fachada principal, a poniente, arrasada la primitiva en 1886 por un ciclón, es de Velázquez Bosco. La última rehabilitación ha sido realizada por Jaime Torruell. Metro: Estación del Arte (línea 1), Banco de España (línea 2).  Cercanías Renfe:  Atocha (líneas C1, C2, C3, C4, C4a, C4b, C5, C7 y C10).",
                "accesibility": "1",
                "schedule": "",
                "services": "",
                "organization-name": "Casón del Buen Retiro"
            }
        }
    ]
}